StudentID,CourseID
1,4
1,5
1,6
1,28
1,38
1,22
1,23
1,24
1,37
2,4
2,5
2,6
2,28
2,38
2,22
2,23
2,24
2,37
3,4
3,5
3,6
3,28
3,38
3,22
3,23
3,24
3,37
4,4
4,5
4,6
4,28
4,38
4,22
4,23
4,24
4,37
5,4
5,5
5,6
5,28
5,38
5,22
5,23
5,24
5,37
6,4
6,5
6,6
6,28
6,38
6,22
6,23
6,24
6,37
7,4
7,5
7,6
7,28
7,38
7,22
7,23
7,24
7,37
8,4
8,5
8,6
8,28
8,38
8,22
8,23
8,24
8,37
9,4
9,5
9,6
9,28
9,38
9,22
9,23
9,24
9,37
10,4
10,5
10,6
10,28
10,38
10,22
10,23
10,24
10,37
11,4
11,5
11,6
11,28
11,38
11,22
11,23
11,24
11,37
12,4
12,5
12,6
12,28
12,38
12,22
12,23
12,24
12,37
13,4
13,5
13,6
13,28
13,38
13,22
13,23
13,24
13,37
14,4
14,5
14,6
14,28
14,38
14,22
14,23
14,24
14,37
15,4
15,5
15,6
15,28
15,38
15,22
15,23
15,24
15,37
16,4
16,5
16,6
16,28
16,38
16,22
16,23
16,24
16,37
17,4
17,5
17,6
17,28
17,38
17,22
17,23
17,24
17,37
18,4
18,5
18,6
18,28
18,38
18,22
18,23
18,24
18,37
19,4
19,5
19,6
19,28
19,38
19,22
19,23
19,24
19,37
20,4
20,5
20,6
20,28
20,38
20,22
20,23
20,24
20,37
21,4
21,5
21,6
21,28
21,38
21,22
21,23
21,24
21,37
22,4
22,5
22,6
22,28
22,38
22,22
22,23
22,24
22,37
23,4
23,5
23,6
23,28
23,38
23,22
23,23
23,24
23,37
24,4
24,5
24,6
24,28
24,38
24,22
24,23
24,24
24,37
25,4
25,5
25,6
25,28
25,38
25,22
25,23
25,24
25,37
26,4
26,5
26,6
26,28
26,38
26,22
26,23
26,24
26,37
27,4
27,5
27,6
27,28
27,38
27,22
27,23
27,24
27,37
28,4
28,5
28,6
28,28
28,38
28,22
28,23
28,24
28,37
29,4
29,5
29,6
29,28
29,38
29,22
29,23
29,24
29,37
30,4
30,5
30,6
30,28
30,38
30,22
30,23
30,24
30,37
31,4
31,5
31,6
31,28
31,38
31,22
31,23
31,24
31,37
32,4
32,5
32,6
32,28
32,38
32,22
32,23
32,24
32,37
33,4
33,5
33,6
33,28
33,38
33,22
33,23
33,24
33,37
34,4
34,5
34,6
34,28
34,38
34,22
34,23
34,24
34,37
35,4
35,5
35,6
35,28
35,38
35,22
35,23
35,24
35,37
36,4
36,5
36,6
36,28
36,38
36,22
36,23
36,24
36,37
37,4
37,5
37,6
37,28
37,38
37,22
37,23
37,24
37,37
38,4
38,5
38,6
38,28
38,38
38,22
38,23
38,24
38,37
39,4
39,5
39,6
39,28
39,38
39,22
39,23
39,24
39,37
40,4
40,5
40,6
40,28
40,38
40,22
40,23
40,24
40,37
41,4
41,5
41,6
41,28
41,38
41,22
41,23
41,24
41,37
42,4
42,5
42,6
42,28
42,38
42,22
42,23
42,24
42,37
43,4
43,5
43,6
43,28
43,38
43,22
43,23
43,24
43,37
44,4
44,5
44,6
44,28
44,38
44,22
44,23
44,24
44,37
45,4
45,5
45,6
45,28
45,38
45,22
45,23
45,24
45,37
46,4
46,5
46,6
46,28
46,38
46,22
46,23
46,24
46,37
47,4
47,5
47,6
47,28
47,38
47,22
47,23
47,24
47,37
48,4
48,5
48,6
48,28
48,38
48,22
48,23
48,24
48,37
49,4
49,5
49,6
49,28
49,38
49,22
49,23
49,24
49,37
50,4
50,5
50,6
50,28
50,38
50,22
50,23
50,24
50,37
51,4
51,5
51,6
51,28
51,38
51,22
51,23
51,24
51,37
52,4
52,5
52,6
52,28
52,38
52,22
52,23
52,24
52,37
53,4
53,5
53,6
53,28
53,38
53,22
53,23
53,24
53,37
54,4
54,5
54,6
54,28
54,38
54,22
54,23
54,24
54,37
55,4
55,5
55,6
55,28
55,38
55,22
55,23
55,24
55,37
56,4
56,5
56,6
56,28
56,38
56,22
56,23
56,24
56,37
57,4
57,5
57,6
57,28
57,38
57,22
57,23
57,24
57,37
58,4
58,5
58,6
58,28
58,38
58,22
58,23
58,24
58,37
59,4
59,5
59,6
59,28
59,38
59,22
59,23
59,24
59,37
60,4
60,5
60,6
60,28
60,38
60,22
60,23
60,24
60,37
61,4
61,5
61,6
61,28
61,38
61,22
61,23
61,24
61,37
62,4
62,5
62,6
62,28
62,38
62,22
62,23
62,24
62,37
63,4
63,5
63,6
63,28
63,38
63,22
63,23
63,24
63,37
64,4
64,5
64,6
64,28
64,38
64,22
64,23
64,24
64,37
65,4
65,5
65,6
65,28
65,38
65,22
65,23
65,24
65,37
66,4
66,5
66,6
66,28
66,38
66,22
66,23
66,24
66,37
67,4
67,5
67,6
67,28
67,38
67,22
67,23
67,24
67,37
68,4
68,5
68,6
68,28
68,38
68,22
68,23
68,24
68,37
69,4
69,5
69,6
69,28
69,38
69,22
69,23
69,24
69,37
70,4
70,5
70,6
70,28
70,38
70,22
70,23
70,24
70,37
71,4
71,5
71,6
71,28
71,38
71,22
71,23
71,24
71,37
72,4
72,5
72,6
72,28
72,38
72,22
72,23
72,24
72,37
73,4
73,5
73,6
73,28
73,38
73,22
73,23
73,24
73,37
74,4
74,5
74,6
74,28
74,38
74,22
74,23
74,24
74,37
75,4
75,5
75,6
75,28
75,38
75,22
75,23
75,24
75,37
76,4
76,5
76,6
76,28
76,38
76,22
76,23
76,24
76,37
77,4
77,5
77,6
77,28
77,38
77,22
77,23
77,24
77,37
78,4
78,5
78,6
78,28
78,38
78,22
78,23
78,24
78,37
79,4
79,5
79,6
79,28
79,38
79,22
79,23
79,24
79,37
80,4
80,5
80,6
80,28
80,38
80,22
80,23
80,24
80,37
81,4
81,5
81,6
81,28
81,38
81,22
81,23
81,24
81,37
82,4
82,5
82,6
82,28
82,38
82,22
82,23
82,24
82,37
83,4
83,5
83,6
83,28
83,38
83,22
83,23
83,24
83,37
84,4
84,5
84,6
84,28
84,38
84,22
84,23
84,24
84,37
85,4
85,5
85,6
85,28
85,38
85,22
85,23
85,24
85,37
86,4
86,5
86,6
86,28
86,38
86,22
86,23
86,24
86,37
87,4
87,5
87,6
87,28
87,38
87,22
87,23
87,24
87,37
88,4
88,5
88,6
88,28
88,38
88,22
88,23
88,24
88,37
89,4
89,5
89,6
89,28
89,38
89,22
89,23
89,24
89,37
90,4
90,5
90,6
90,28
90,38
90,22
90,23
90,24
90,37
91,4
91,5
91,6
91,28
91,38
91,22
91,23
91,24
91,37
92,4
92,5
92,6
92,28
92,38
92,22
92,23
92,24
92,37
93,4
93,5
93,6
93,28
93,38
93,22
93,23
93,24
93,37
94,4
94,5
94,6
94,28
94,38
94,22
94,23
94,24
94,37
95,4
95,5
95,6
95,28
95,38
95,22
95,23
95,24
95,37
96,4
96,5
96,6
96,28
96,38
96,22
96,23
96,24
96,37
97,4
97,5
97,6
97,28
97,38
97,22
97,23
97,24
97,37
98,4
98,5
98,6
98,28
98,38
98,22
98,23
98,24
98,37
99,4
99,5
99,6
99,28
99,38
99,22
99,23
99,24
99,37
100,4
100,5
100,6
100,28
100,38
100,22
100,23
100,24
100,37
101,19
101,20
101,21
101,31
101,32
101,22
101,23
101,24
101,37
102,19
102,20
102,21
102,31
102,32
102,22
102,23
102,24
102,37
103,19
103,20
103,21
103,31
103,32
103,22
103,23
103,24
103,37
104,19
104,20
104,21
104,31
104,32
104,22
104,23
104,24
104,37
105,19
105,20
105,21
105,31
105,32
105,22
105,23
105,24
105,37
106,19
106,20
106,21
106,31
106,32
106,22
106,23
106,24
106,37
107,19
107,20
107,21
107,31
107,32
107,22
107,23
107,24
107,37
108,19
108,20
108,21
108,31
108,32
108,22
108,23
108,24
108,37
109,19
109,20
109,21
109,31
109,32
109,22
109,23
109,24
109,37
110,19
110,20
110,21
110,31
110,32
110,22
110,23
110,24
110,37
111,19
111,20
111,21
111,31
111,32
111,22
111,23
111,24
111,37
112,19
112,20
112,21
112,31
112,32
112,22
112,23
112,24
112,37
113,19
113,20
113,21
113,31
113,32
113,22
113,23
113,24
113,37
114,19
114,20
114,21
114,31
114,32
114,22
114,23
114,24
114,37
115,19
115,20
115,21
115,31
115,32
115,22
115,23
115,24
115,37
116,19
116,20
116,21
116,31
116,32
116,22
116,23
116,24
116,37
117,19
117,20
117,21
117,31
117,32
117,22
117,23
117,24
117,37
118,19
118,20
118,21
118,31
118,32
118,22
118,23
118,24
118,37
119,19
119,20
119,21
119,31
119,32
119,22
119,23
119,24
119,37
120,19
120,20
120,21
120,31
120,32
120,22
120,23
120,24
120,37
121,19
121,20
121,21
121,31
121,32
121,22
121,23
121,24
121,37
122,19
122,20
122,21
122,31
122,32
122,22
122,23
122,24
122,37
123,19
123,20
123,21
123,31
123,32
123,22
123,23
123,24
123,37
124,19
124,20
124,21
124,31
124,32
124,22
124,23
124,24
124,37
125,19
125,20
125,21
125,31
125,32
125,22
125,23
125,24
125,37
126,19
126,20
126,21
126,31
126,32
126,22
126,23
126,24
126,37
127,19
127,20
127,21
127,31
127,32
127,22
127,23
127,24
127,37
128,19
128,20
128,21
128,31
128,32
128,22
128,23
128,24
128,37
129,19
129,20
129,21
129,31
129,32
129,22
129,23
129,24
129,37
130,19
130,20
130,21
130,31
130,32
130,22
130,23
130,24
130,37
131,19
131,20
131,21
131,31
131,32
131,22
131,23
131,24
131,37
132,19
132,20
132,21
132,31
132,32
132,22
132,23
132,24
132,37
133,19
133,20
133,21
133,31
133,32
133,22
133,23
133,24
133,37
134,19
134,20
134,21
134,31
134,32
134,22
134,23
134,24
134,37
135,19
135,20
135,21
135,31
135,32
135,22
135,23
135,24
135,37
136,19
136,20
136,21
136,31
136,32
136,22
136,23
136,24
136,37
137,19
137,20
137,21
137,31
137,32
137,22
137,23
137,24
137,37
138,19
138,20
138,21
138,31
138,32
138,22
138,23
138,24
138,37
139,19
139,20
139,21
139,31
139,32
139,22
139,23
139,24
139,37
140,19
140,20
140,21
140,31
140,32
140,22
140,23
140,24
140,37
141,19
141,20
141,21
141,31
141,32
141,22
141,23
141,24
141,37
142,19
142,20
142,21
142,31
142,32
142,22
142,23
142,24
142,37
143,19
143,20
143,21
143,31
143,32
143,22
143,23
143,24
143,37
144,19
144,20
144,21
144,31
144,32
144,22
144,23
144,24
144,37
145,19
145,20
145,21
145,31
145,32
145,22
145,23
145,24
145,37
146,19
146,20
146,21
146,31
146,32
146,22
146,23
146,24
146,37
147,19
147,20
147,21
147,31
147,32
147,22
147,23
147,24
147,37
148,19
148,20
148,21
148,31
148,32
148,22
148,23
148,24
148,37
149,19
149,20
149,21
149,31
149,32
149,22
149,23
149,24
149,37
150,19
150,20
150,21
150,31
150,32
150,22
150,23
150,24
150,37
151,19
151,20
151,21
151,31
151,32
151,22
151,23
151,24
151,37
152,19
152,20
152,21
152,31
152,32
152,22
152,23
152,24
152,37
153,19
153,20
153,21
153,31
153,32
153,22
153,23
153,24
153,37
154,19
154,20
154,21
154,31
154,32
154,22
154,23
154,24
154,37
155,19
155,20
155,21
155,31
155,32
155,22
155,23
155,24
155,37
156,19
156,20
156,21
156,31
156,32
156,22
156,23
156,24
156,37
157,19
157,20
157,21
157,31
157,32
157,22
157,23
157,24
157,37
158,19
158,20
158,21
158,31
158,32
158,22
158,23
158,24
158,37
159,19
159,20
159,21
159,31
159,32
159,22
159,23
159,24
159,37
160,19
160,20
160,21
160,31
160,32
160,22
160,23
160,24
160,37
161,19
161,20
161,21
161,31
161,32
161,22
161,23
161,24
161,37
162,19
162,20
162,21
162,31
162,32
162,22
162,23
162,24
162,37
163,19
163,20
163,21
163,31
163,32
163,22
163,23
163,24
163,37
164,19
164,20
164,21
164,31
164,32
164,22
164,23
164,24
164,37
165,19
165,20
165,21
165,31
165,32
165,22
165,23
165,24
165,37
166,19
166,20
166,21
166,31
166,32
166,22
166,23
166,24
166,37
167,19
167,20
167,21
167,31
167,32
167,22
167,23
167,24
167,37
168,19
168,20
168,21
168,31
168,32
168,22
168,23
168,24
168,37
169,19
169,20
169,21
169,31
169,32
169,22
169,23
169,24
169,37
170,19
170,20
170,21
170,31
170,32
170,22
170,23
170,24
170,37
171,19
171,20
171,21
171,31
171,32
171,22
171,23
171,24
171,37
172,19
172,20
172,21
172,31
172,32
172,22
172,23
172,24
172,37
173,19
173,20
173,21
173,31
173,32
173,22
173,23
173,24
173,37
174,19
174,20
174,21
174,31
174,32
174,22
174,23
174,24
174,37
175,19
175,20
175,21
175,31
175,32
175,22
175,23
175,24
175,37
176,19
176,20
176,21
176,31
176,32
176,22
176,23
176,24
176,37
177,19
177,20
177,21
177,31
177,32
177,22
177,23
177,24
177,37
178,19
178,20
178,21
178,31
178,32
178,22
178,23
178,24
178,37
179,19
179,20
179,21
179,31
179,32
179,22
179,23
179,24
179,37
180,19
180,20
180,21
180,31
180,32
180,22
180,23
180,24
180,37
181,19
181,20
181,21
181,31
181,32
181,22
181,23
181,24
181,37
182,19
182,20
182,21
182,31
182,32
182,22
182,23
182,24
182,37
183,19
183,20
183,21
183,31
183,32
183,22
183,23
183,24
183,37
184,19
184,20
184,21
184,31
184,32
184,22
184,23
184,24
184,37
185,19
185,20
185,21
185,31
185,32
185,22
185,23
185,24
185,37
186,19
186,20
186,21
186,31
186,32
186,22
186,23
186,24
186,37
187,19
187,20
187,21
187,31
187,32
187,22
187,23
187,24
187,37
188,19
188,20
188,21
188,31
188,32
188,22
188,23
188,24
188,37
189,19
189,20
189,21
189,31
189,32
189,22
189,23
189,24
189,37
190,19
190,20
190,21
190,31
190,32
190,22
190,23
190,24
190,37
191,19
191,20
191,21
191,31
191,32
191,22
191,23
191,24
191,37
192,19
192,20
192,21
192,31
192,32
192,22
192,23
192,24
192,37
193,19
193,20
193,21
193,31
193,32
193,22
193,23
193,24
193,37
194,19
194,20
194,21
194,31
194,32
194,22
194,23
194,24
194,37
195,19
195,20
195,21
195,31
195,32
195,22
195,23
195,24
195,37
196,19
196,20
196,21
196,31
196,32
196,22
196,23
196,24
196,37
197,19
197,20
197,21
197,31
197,32
197,22
197,23
197,24
197,37
198,19
198,20
198,21
198,31
198,32
198,22
198,23
198,24
198,37
199,19
199,20
199,21
199,31
199,32
199,22
199,23
199,24
199,37
200,19
200,20
200,21
200,31
200,32
200,22
200,23
200,24
200,37
201,19
201,20
201,21
201,31
201,32
201,22
201,23
201,24
201,37
202,19
202,20
202,21
202,31
202,32
202,22
202,23
202,24
202,37
203,19
203,20
203,21
203,31
203,32
203,22
203,23
203,24
203,37
204,19
204,20
204,21
204,31
204,32
204,22
204,23
204,24
204,37
205,19
205,20
205,21
205,31
205,32
205,22
205,23
205,24
205,37
206,19
206,20
206,21
206,31
206,32
206,22
206,23
206,24
206,37
207,19
207,20
207,21
207,31
207,32
207,22
207,23
207,24
207,37
208,19
208,20
208,21
208,31
208,32
208,22
208,23
208,24
208,37
209,19
209,20
209,21
209,31
209,32
209,22
209,23
209,24
209,37
210,19
210,20
210,21
210,31
210,32
210,22
210,23
210,24
210,37
211,19
211,20
211,21
211,31
211,32
211,22
211,23
211,24
211,37
212,19
212,20
212,21
212,31
212,32
212,22
212,23
212,24
212,37
213,19
213,20
213,21
213,31
213,32
213,22
213,23
213,24
213,37
214,19
214,20
214,21
214,31
214,32
214,22
214,23
214,24
214,37
215,19
215,20
215,21
215,31
215,32
215,22
215,23
215,24
215,37
216,19
216,20
216,21
216,31
216,32
216,22
216,23
216,24
216,37
217,19
217,20
217,21
217,31
217,32
217,22
217,23
217,24
217,37
218,19
218,20
218,21
218,31
218,32
218,22
218,23
218,24
218,37
219,19
219,20
219,21
219,31
219,32
219,22
219,23
219,24
219,37
220,19
220,20
220,21
220,31
220,32
220,22
220,23
220,24
220,37
221,19
221,20
221,21
221,31
221,32
221,22
221,23
221,24
221,37
222,19
222,20
222,21
222,31
222,32
222,22
222,23
222,24
222,37
223,19
223,20
223,21
223,31
223,32
223,22
223,23
223,24
223,37
224,19
224,20
224,21
224,31
224,32
224,22
224,23
224,24
224,37
225,19
225,20
225,21
225,31
225,32
225,22
225,23
225,24
225,37
226,19
226,20
226,21
226,31
226,32
226,22
226,23
226,24
226,37
227,19
227,20
227,21
227,31
227,32
227,22
227,23
227,24
227,37
228,19
228,20
228,21
228,31
228,32
228,22
228,23
228,24
228,37
229,19
229,20
229,21
229,31
229,32
229,22
229,23
229,24
229,37
230,19
230,20
230,21
230,31
230,32
230,22
230,23
230,24
230,37
231,19
231,20
231,21
231,31
231,32
231,22
231,23
231,24
231,37
232,19
232,20
232,21
232,31
232,32
232,22
232,23
232,24
232,37
233,19
233,20
233,21
233,31
233,32
233,22
233,23
233,24
233,37
234,19
234,20
234,21
234,31
234,32
234,22
234,23
234,24
234,37
235,19
235,20
235,21
235,31
235,32
235,22
235,23
235,24
235,37
236,19
236,20
236,21
236,31
236,32
236,22
236,23
236,24
236,37
237,19
237,20
237,21
237,31
237,32
237,22
237,23
237,24
237,37
238,19
238,20
238,21
238,31
238,32
238,22
238,23
238,24
238,37
239,19
239,20
239,21
239,31
239,32
239,22
239,23
239,24
239,37
240,19
240,20
240,21
240,31
240,32
240,22
240,23
240,24
240,37
241,19
241,20
241,21
241,31
241,32
241,22
241,23
241,24
241,37
242,19
242,20
242,21
242,31
242,32
242,22
242,23
242,24
242,37
243,19
243,20
243,21
243,31
243,32
243,22
243,23
243,24
243,37
244,19
244,20
244,21
244,31
244,32
244,22
244,23
244,24
244,37
245,19
245,20
245,21
245,31
245,32
245,22
245,23
245,24
245,37
246,19
246,20
246,21
246,31
246,32
246,22
246,23
246,24
246,37
247,19
247,20
247,21
247,31
247,32
247,22
247,23
247,24
247,37
248,19
248,20
248,21
248,31
248,32
248,22
248,23
248,24
248,37
249,19
249,20
249,21
249,31
249,32
249,22
249,23
249,24
249,37
250,19
250,20
250,21
250,31
250,32
250,22
250,23
250,24
250,37
251,16
251,17
251,18
251,29
251,30
251,22
251,23
251,24
251,37
252,16
252,17
252,18
252,29
252,30
252,22
252,23
252,24
252,37
253,16
253,17
253,18
253,29
253,30
253,22
253,23
253,24
253,37
254,16
254,17
254,18
254,29
254,30
254,22
254,23
254,24
254,37
255,16
255,17
255,18
255,29
255,30
255,22
255,23
255,24
255,37
256,16
256,17
256,18
256,29
256,30
256,22
256,23
256,24
256,37
257,16
257,17
257,18
257,29
257,30
257,22
257,23
257,24
257,37
258,16
258,17
258,18
258,29
258,30
258,22
258,23
258,24
258,37
259,16
259,17
259,18
259,29
259,30
259,22
259,23
259,24
259,37
260,16
260,17
260,18
260,29
260,30
260,22
260,23
260,24
260,37
261,16
261,17
261,18
261,29
261,30
261,22
261,23
261,24
261,37
262,16
262,17
262,18
262,29
262,30
262,22
262,23
262,24
262,37
263,16
263,17
263,18
263,29
263,30
263,22
263,23
263,24
263,37
264,16
264,17
264,18
264,29
264,30
264,22
264,23
264,24
264,37
265,16
265,17
265,18
265,29
265,30
265,22
265,23
265,24
265,37
266,16
266,17
266,18
266,29
266,30
266,22
266,23
266,24
266,37
267,16
267,17
267,18
267,29
267,30
267,22
267,23
267,24
267,37
268,16
268,17
268,18
268,29
268,30
268,22
268,23
268,24
268,37
269,16
269,17
269,18
269,29
269,30
269,22
269,23
269,24
269,37
270,16
270,17
270,18
270,29
270,30
270,22
270,23
270,24
270,37
271,16
271,17
271,18
271,29
271,30
271,22
271,23
271,24
271,37
272,16
272,17
272,18
272,29
272,30
272,22
272,23
272,24
272,37
273,16
273,17
273,18
273,29
273,30
273,22
273,23
273,24
273,37
274,16
274,17
274,18
274,29
274,30
274,22
274,23
274,24
274,37
275,16
275,17
275,18
275,29
275,30
275,22
275,23
275,24
275,37
276,16
276,17
276,18
276,29
276,30
276,22
276,23
276,24
276,37
277,16
277,17
277,18
277,29
277,30
277,22
277,23
277,24
277,37
278,16
278,17
278,18
278,29
278,30
278,22
278,23
278,24
278,37
279,16
279,17
279,18
279,29
279,30
279,22
279,23
279,24
279,37
280,16
280,17
280,18
280,29
280,30
280,22
280,23
280,24
280,37
281,16
281,17
281,18
281,29
281,30
281,22
281,23
281,24
281,37
282,16
282,17
282,18
282,29
282,30
282,22
282,23
282,24
282,37
283,16
283,17
283,18
283,29
283,30
283,22
283,23
283,24
283,37
284,16
284,17
284,18
284,29
284,30
284,22
284,23
284,24
284,37
285,16
285,17
285,18
285,29
285,30
285,22
285,23
285,24
285,37
286,16
286,17
286,18
286,29
286,30
286,22
286,23
286,24
286,37
287,16
287,17
287,18
287,29
287,30
287,22
287,23
287,24
287,37
288,16
288,17
288,18
288,29
288,30
288,22
288,23
288,24
288,37
289,16
289,17
289,18
289,29
289,30
289,22
289,23
289,24
289,37
290,16
290,17
290,18
290,29
290,30
290,22
290,23
290,24
290,37
291,16
291,17
291,18
291,29
291,30
291,22
291,23
291,24
291,37
292,16
292,17
292,18
292,29
292,30
292,22
292,23
292,24
292,37
293,16
293,17
293,18
293,29
293,30
293,22
293,23
293,24
293,37
294,16
294,17
294,18
294,29
294,30
294,22
294,23
294,24
294,37
295,16
295,17
295,18
295,29
295,30
295,22
295,23
295,24
295,37
296,16
296,17
296,18
296,29
296,30
296,22
296,23
296,24
296,37
297,16
297,17
297,18
297,29
297,30
297,22
297,23
297,24
297,37
298,16
298,17
298,18
298,29
298,30
298,22
298,23
298,24
298,37
299,16
299,17
299,18
299,29
299,30
299,22
299,23
299,24
299,37
300,16
300,17
300,18
300,29
300,30
300,22
300,23
300,24
300,37
301,7
301,8
301,9
301,25
301,26
301,22
301,23
301,24
301,37
302,7
302,8
302,9
302,25
302,26
302,22
302,23
302,24
302,37
303,7
303,8
303,9
303,25
303,26
303,22
303,23
303,24
303,37
304,7
304,8
304,9
304,25
304,26
304,22
304,23
304,24
304,37
305,7
305,8
305,9
305,25
305,26
305,22
305,23
305,24
305,37
306,7
306,8
306,9
306,25
306,26
306,22
306,23
306,24
306,37
307,7
307,8
307,9
307,25
307,26
307,22
307,23
307,24
307,37
308,7
308,8
308,9
308,25
308,26
308,22
308,23
308,24
308,37
309,7
309,8
309,9
309,25
309,26
309,22
309,23
309,24
309,37
310,7
310,8
310,9
310,25
310,26
310,22
310,23
310,24
310,37
311,7
311,8
311,9
311,25
311,26
311,22
311,23
311,24
311,37
312,7
312,8
312,9
312,25
312,26
312,22
312,23
312,24
312,37
313,7
313,8
313,9
313,25
313,26
313,22
313,23
313,24
313,37
314,7
314,8
314,9
314,25
314,26
314,22
314,23
314,24
314,37
315,7
315,8
315,9
315,25
315,26
315,22
315,23
315,24
315,37
316,7
316,8
316,9
316,25
316,26
316,22
316,23
316,24
316,37
317,7
317,8
317,9
317,25
317,26
317,22
317,23
317,24
317,37
318,7
318,8
318,9
318,25
318,26
318,22
318,23
318,24
318,37
319,7
319,8
319,9
319,25
319,26
319,22
319,23
319,24
319,37
320,7
320,8
320,9
320,25
320,26
320,22
320,23
320,24
320,37
321,7
321,8
321,9
321,25
321,26
321,22
321,23
321,24
321,37
322,7
322,8
322,9
322,25
322,26
322,22
322,23
322,24
322,37
323,7
323,8
323,9
323,25
323,26
323,22
323,23
323,24
323,37
324,7
324,8
324,9
324,25
324,26
324,22
324,23
324,24
324,37
325,7
325,8
325,9
325,25
325,26
325,22
325,23
325,24
325,37
326,7
326,8
326,9
326,25
326,26
326,22
326,23
326,24
326,37
327,7
327,8
327,9
327,25
327,26
327,22
327,23
327,24
327,37
328,7
328,8
328,9
328,25
328,26
328,22
328,23
328,24
328,37
329,7
329,8
329,9
329,25
329,26
329,22
329,23
329,24
329,37
330,7
330,8
330,9
330,25
330,26
330,22
330,23
330,24
330,37
331,7
331,8
331,9
331,25
331,26
331,22
331,23
331,24
331,37
332,7
332,8
332,9
332,25
332,26
332,22
332,23
332,24
332,37
333,7
333,8
333,9
333,25
333,26
333,22
333,23
333,24
333,37
334,7
334,8
334,9
334,25
334,26
334,22
334,23
334,24
334,37
335,7
335,8
335,9
335,25
335,26
335,22
335,23
335,24
335,37
336,7
336,8
336,9
336,25
336,26
336,22
336,23
336,24
336,37
337,7
337,8
337,9
337,25
337,26
337,22
337,23
337,24
337,37
338,7
338,8
338,9
338,25
338,26
338,22
338,23
338,24
338,37
339,7
339,8
339,9
339,25
339,26
339,22
339,23
339,24
339,37
340,7
340,8
340,9
340,25
340,26
340,22
340,23
340,24
340,37
341,7
341,8
341,9
341,25
341,26
341,22
341,23
341,24
341,37
342,7
342,8
342,9
342,25
342,26
342,22
342,23
342,24
342,37
343,7
343,8
343,9
343,25
343,26
343,22
343,23
343,24
343,37
344,7
344,8
344,9
344,25
344,26
344,22
344,23
344,24
344,37
345,7
345,8
345,9
345,25
345,26
345,22
345,23
345,24
345,37
346,7
346,8
346,9
346,25
346,26
346,22
346,23
346,24
346,37
347,7
347,8
347,9
347,25
347,26
347,22
347,23
347,24
347,37
348,7
348,8
348,9
348,25
348,26
348,22
348,23
348,24
348,37
349,7
349,8
349,9
349,25
349,26
349,22
349,23
349,24
349,37
350,7
350,8
350,9
350,25
350,26
350,22
350,23
350,24
350,37
351,7
351,8
351,9
351,25
351,26
351,22
351,23
351,24
351,37
352,7
352,8
352,9
352,25
352,26
352,22
352,23
352,24
352,37
353,7
353,8
353,9
353,25
353,26
353,22
353,23
353,24
353,37
354,7
354,8
354,9
354,25
354,26
354,22
354,23
354,24
354,37
355,7
355,8
355,9
355,25
355,26
355,22
355,23
355,24
355,37
356,7
356,8
356,9
356,25
356,26
356,22
356,23
356,24
356,37
357,7
357,8
357,9
357,25
357,26
357,22
357,23
357,24
357,37
358,7
358,8
358,9
358,25
358,26
358,22
358,23
358,24
358,37
359,7
359,8
359,9
359,25
359,26
359,22
359,23
359,24
359,37
360,7
360,8
360,9
360,25
360,26
360,22
360,23
360,24
360,37
361,7
361,8
361,9
361,25
361,26
361,22
361,23
361,24
361,37
362,7
362,8
362,9
362,25
362,26
362,22
362,23
362,24
362,37
363,7
363,8
363,9
363,25
363,26
363,22
363,23
363,24
363,37
364,7
364,8
364,9
364,25
364,26
364,22
364,23
364,24
364,37
365,7
365,8
365,9
365,25
365,26
365,22
365,23
365,24
365,37
366,7
366,8
366,9
366,25
366,26
366,22
366,23
366,24
366,37
367,7
367,8
367,9
367,25
367,26
367,22
367,23
367,24
367,37
368,7
368,8
368,9
368,25
368,26
368,22
368,23
368,24
368,37
369,7
369,8
369,9
369,25
369,26
369,22
369,23
369,24
369,37
370,7
370,8
370,9
370,25
370,26
370,22
370,23
370,24
370,37
371,7
371,8
371,9
371,25
371,26
371,22
371,23
371,24
371,37
372,7
372,8
372,9
372,25
372,26
372,22
372,23
372,24
372,37
373,7
373,8
373,9
373,25
373,26
373,22
373,23
373,24
373,37
374,7
374,8
374,9
374,25
374,26
374,22
374,23
374,24
374,37
375,7
375,8
375,9
375,25
375,26
375,22
375,23
375,24
375,37
376,7
376,8
376,9
376,25
376,26
376,22
376,23
376,24
376,37
377,7
377,8
377,9
377,25
377,26
377,22
377,23
377,24
377,37
378,7
378,8
378,9
378,25
378,26
378,22
378,23
378,24
378,37
379,7
379,8
379,9
379,25
379,26
379,22
379,23
379,24
379,37
380,7
380,8
380,9
380,25
380,26
380,22
380,23
380,24
380,37
381,7
381,8
381,9
381,25
381,26
381,22
381,23
381,24
381,37
382,7
382,8
382,9
382,25
382,26
382,22
382,23
382,24
382,37
383,7
383,8
383,9
383,25
383,26
383,22
383,23
383,24
383,37
384,7
384,8
384,9
384,25
384,26
384,22
384,23
384,24
384,37
385,7
385,8
385,9
385,25
385,26
385,22
385,23
385,24
385,37
386,7
386,8
386,9
386,25
386,26
386,22
386,23
386,24
386,37
387,7
387,8
387,9
387,25
387,26
387,22
387,23
387,24
387,37
388,7
388,8
388,9
388,25
388,26
388,22
388,23
388,24
388,37
389,7
389,8
389,9
389,25
389,26
389,22
389,23
389,24
389,37
390,7
390,8
390,9
390,25
390,26
390,22
390,23
390,24
390,37
391,7
391,8
391,9
391,25
391,26
391,22
391,23
391,24
391,37
392,7
392,8
392,9
392,25
392,26
392,22
392,23
392,24
392,37
393,7
393,8
393,9
393,25
393,26
393,22
393,23
393,24
393,37
394,7
394,8
394,9
394,25
394,26
394,22
394,23
394,24
394,37
395,7
395,8
395,9
395,25
395,26
395,22
395,23
395,24
395,37
396,7
396,8
396,9
396,25
396,26
396,22
396,23
396,24
396,37
397,7
397,8
397,9
397,25
397,26
397,22
397,23
397,24
397,37
398,7
398,8
398,9
398,25
398,26
398,22
398,23
398,24
398,37
399,7
399,8
399,9
399,25
399,26
399,22
399,23
399,24
399,37
400,7
400,8
400,9
400,25
400,26
400,22
400,23
400,24
400,37
401,7
401,8
401,9
401,25
401,26
401,22
401,23
401,24
401,37
402,7
402,8
402,9
402,25
402,26
402,22
402,23
402,24
402,37
403,7
403,8
403,9
403,25
403,26
403,22
403,23
403,24
403,37
404,7
404,8
404,9
404,25
404,26
404,22
404,23
404,24
404,37
405,7
405,8
405,9
405,25
405,26
405,22
405,23
405,24
405,37
406,7
406,8
406,9
406,25
406,26
406,22
406,23
406,24
406,37
407,7
407,8
407,9
407,25
407,26
407,22
407,23
407,24
407,37
408,7
408,8
408,9
408,25
408,26
408,22
408,23
408,24
408,37
409,7
409,8
409,9
409,25
409,26
409,22
409,23
409,24
409,37
410,7
410,8
410,9
410,25
410,26
410,22
410,23
410,24
410,37
411,7
411,8
411,9
411,25
411,26
411,22
411,23
411,24
411,37
412,7
412,8
412,9
412,25
412,26
412,22
412,23
412,24
412,37
413,7
413,8
413,9
413,25
413,26
413,22
413,23
413,24
413,37
414,7
414,8
414,9
414,25
414,26
414,22
414,23
414,24
414,37
415,7
415,8
415,9
415,25
415,26
415,22
415,23
415,24
415,37
416,7
416,8
416,9
416,25
416,26
416,22
416,23
416,24
416,37
417,7
417,8
417,9
417,25
417,26
417,22
417,23
417,24
417,37
418,7
418,8
418,9
418,25
418,26
418,22
418,23
418,24
418,37
419,7
419,8
419,9
419,25
419,26
419,22
419,23
419,24
419,37
420,7
420,8
420,9
420,25
420,26
420,22
420,23
420,24
420,37
421,7
421,8
421,9
421,25
421,26
421,22
421,23
421,24
421,37
422,7
422,8
422,9
422,25
422,26
422,22
422,23
422,24
422,37
423,7
423,8
423,9
423,25
423,26
423,22
423,23
423,24
423,37
424,7
424,8
424,9
424,25
424,26
424,22
424,23
424,24
424,37
425,7
425,8
425,9
425,25
425,26
425,22
425,23
425,24
425,37
426,7
426,8
426,9
426,25
426,26
426,22
426,23
426,24
426,37
427,7
427,8
427,9
427,25
427,26
427,22
427,23
427,24
427,37
428,7
428,8
428,9
428,25
428,26
428,22
428,23
428,24
428,37
429,7
429,8
429,9
429,25
429,26
429,22
429,23
429,24
429,37
430,7
430,8
430,9
430,25
430,26
430,22
430,23
430,24
430,37
431,7
431,8
431,9
431,25
431,26
431,22
431,23
431,24
431,37
432,7
432,8
432,9
432,25
432,26
432,22
432,23
432,24
432,37
433,7
433,8
433,9
433,25
433,26
433,22
433,23
433,24
433,37
434,7
434,8
434,9
434,25
434,26
434,22
434,23
434,24
434,37
435,7
435,8
435,9
435,25
435,26
435,22
435,23
435,24
435,37
436,7
436,8
436,9
436,25
436,26
436,22
436,23
436,24
436,37
437,7
437,8
437,9
437,25
437,26
437,22
437,23
437,24
437,37
438,7
438,8
438,9
438,25
438,26
438,22
438,23
438,24
438,37
439,7
439,8
439,9
439,25
439,26
439,22
439,23
439,24
439,37
440,7
440,8
440,9
440,25
440,26
440,22
440,23
440,24
440,37
441,7
441,8
441,9
441,25
441,26
441,22
441,23
441,24
441,37
442,7
442,8
442,9
442,25
442,26
442,22
442,23
442,24
442,37
443,7
443,8
443,9
443,25
443,26
443,22
443,23
443,24
443,37
444,7
444,8
444,9
444,25
444,26
444,22
444,23
444,24
444,37
445,7
445,8
445,9
445,25
445,26
445,22
445,23
445,24
445,37
446,7
446,8
446,9
446,25
446,26
446,22
446,23
446,24
446,37
447,7
447,8
447,9
447,25
447,26
447,22
447,23
447,24
447,37
448,7
448,8
448,9
448,25
448,26
448,22
448,23
448,24
448,37
449,7
449,8
449,9
449,25
449,26
449,22
449,23
449,24
449,37
450,7
450,8
450,9
450,25
450,26
450,22
450,23
450,24
450,37
451,7
451,8
451,9
451,25
451,26
451,22
451,23
451,24
451,37
452,7
452,8
452,9
452,25
452,26
452,22
452,23
452,24
452,37
453,7
453,8
453,9
453,25
453,26
453,22
453,23
453,24
453,37
454,7
454,8
454,9
454,25
454,26
454,22
454,23
454,24
454,37
455,7
455,8
455,9
455,25
455,26
455,22
455,23
455,24
455,37
456,7
456,8
456,9
456,25
456,26
456,22
456,23
456,24
456,37
457,7
457,8
457,9
457,25
457,26
457,22
457,23
457,24
457,37
458,7
458,8
458,9
458,25
458,26
458,22
458,23
458,24
458,37
459,7
459,8
459,9
459,25
459,26
459,22
459,23
459,24
459,37
460,7
460,8
460,9
460,25
460,26
460,22
460,23
460,24
460,37
461,7
461,8
461,9
461,25
461,26
461,22
461,23
461,24
461,37
462,7
462,8
462,9
462,25
462,26
462,22
462,23
462,24
462,37
463,7
463,8
463,9
463,25
463,26
463,22
463,23
463,24
463,37
464,7
464,8
464,9
464,25
464,26
464,22
464,23
464,24
464,37
465,7
465,8
465,9
465,25
465,26
465,22
465,23
465,24
465,37
466,7
466,8
466,9
466,25
466,26
466,22
466,23
466,24
466,37
467,7
467,8
467,9
467,25
467,26
467,22
467,23
467,24
467,37
468,7
468,8
468,9
468,25
468,26
468,22
468,23
468,24
468,37
469,7
469,8
469,9
469,25
469,26
469,22
469,23
469,24
469,37
470,7
470,8
470,9
470,25
470,26
470,22
470,23
470,24
470,37
471,7
471,8
471,9
471,25
471,26
471,22
471,23
471,24
471,37
472,7
472,8
472,9
472,25
472,26
472,22
472,23
472,24
472,37
473,7
473,8
473,9
473,25
473,26
473,22
473,23
473,24
473,37
474,7
474,8
474,9
474,25
474,26
474,22
474,23
474,24
474,37
475,7
475,8
475,9
475,25
475,26
475,22
475,23
475,24
475,37
476,7
476,8
476,9
476,25
476,26
476,22
476,23
476,24
476,37
477,7
477,8
477,9
477,25
477,26
477,22
477,23
477,24
477,37
478,7
478,8
478,9
478,25
478,26
478,22
478,23
478,24
478,37
479,7
479,8
479,9
479,25
479,26
479,22
479,23
479,24
479,37
480,7
480,8
480,9
480,25
480,26
480,22
480,23
480,24
480,37
481,7
481,8
481,9
481,25
481,26
481,22
481,23
481,24
481,37
482,7
482,8
482,9
482,25
482,26
482,22
482,23
482,24
482,37
483,7
483,8
483,9
483,25
483,26
483,22
483,23
483,24
483,37
484,7
484,8
484,9
484,25
484,26
484,22
484,23
484,24
484,37
485,7
485,8
485,9
485,25
485,26
485,22
485,23
485,24
485,37
486,7
486,8
486,9
486,25
486,26
486,22
486,23
486,24
486,37
487,7
487,8
487,9
487,25
487,26
487,22
487,23
487,24
487,37
488,7
488,8
488,9
488,25
488,26
488,22
488,23
488,24
488,37
489,7
489,8
489,9
489,25
489,26
489,22
489,23
489,24
489,37
490,7
490,8
490,9
490,25
490,26
490,22
490,23
490,24
490,37
491,7
491,8
491,9
491,25
491,26
491,22
491,23
491,24
491,37
492,7
492,8
492,9
492,25
492,26
492,22
492,23
492,24
492,37
493,7
493,8
493,9
493,25
493,26
493,22
493,23
493,24
493,37
494,7
494,8
494,9
494,25
494,26
494,22
494,23
494,24
494,37
495,7
495,8
495,9
495,25
495,26
495,22
495,23
495,24
495,37
496,7
496,8
496,9
496,25
496,26
496,22
496,23
496,24
496,37
497,7
497,8
497,9
497,25
497,26
497,22
497,23
497,24
497,37
498,7
498,8
498,9
498,25
498,26
498,22
498,23
498,24
498,37
499,7
499,8
499,9
499,25
499,26
499,22
499,23
499,24
499,37
500,7
500,8
500,9
500,25
500,26
500,22
500,23
500,24
500,37
501,7
501,8
501,9
501,25
501,26
501,22
501,23
501,24
501,37
502,7
502,8
502,9
502,25
502,26
502,22
502,23
502,24
502,37
503,7
503,8
503,9
503,25
503,26
503,22
503,23
503,24
503,37
504,7
504,8
504,9
504,25
504,26
504,22
504,23
504,24
504,37
505,7
505,8
505,9
505,25
505,26
505,22
505,23
505,24
505,37
506,7
506,8
506,9
506,25
506,26
506,22
506,23
506,24
506,37
507,7
507,8
507,9
507,25
507,26
507,22
507,23
507,24
507,37
508,7
508,8
508,9
508,25
508,26
508,22
508,23
508,24
508,37
509,7
509,8
509,9
509,25
509,26
509,22
509,23
509,24
509,37
510,7
510,8
510,9
510,25
510,26
510,22
510,23
510,24
510,37
511,7
511,8
511,9
511,25
511,26
511,22
511,23
511,24
511,37
512,7
512,8
512,9
512,25
512,26
512,22
512,23
512,24
512,37
513,7
513,8
513,9
513,25
513,26
513,22
513,23
513,24
513,37
514,7
514,8
514,9
514,25
514,26
514,22
514,23
514,24
514,37
515,7
515,8
515,9
515,25
515,26
515,22
515,23
515,24
515,37
516,7
516,8
516,9
516,25
516,26
516,22
516,23
516,24
516,37
517,7
517,8
517,9
517,25
517,26
517,22
517,23
517,24
517,37
518,7
518,8
518,9
518,25
518,26
518,22
518,23
518,24
518,37
519,7
519,8
519,9
519,25
519,26
519,22
519,23
519,24
519,37
520,7
520,8
520,9
520,25
520,26
520,22
520,23
520,24
520,37
521,7
521,8
521,9
521,25
521,26
521,22
521,23
521,24
521,37
522,7
522,8
522,9
522,25
522,26
522,22
522,23
522,24
522,37
523,7
523,8
523,9
523,25
523,26
523,22
523,23
523,24
523,37
524,7
524,8
524,9
524,25
524,26
524,22
524,23
524,24
524,37
525,7
525,8
525,9
525,25
525,26
525,22
525,23
525,24
525,37
526,7
526,8
526,9
526,25
526,26
526,22
526,23
526,24
526,37
527,7
527,8
527,9
527,25
527,26
527,22
527,23
527,24
527,37
528,7
528,8
528,9
528,25
528,26
528,22
528,23
528,24
528,37
529,7
529,8
529,9
529,25
529,26
529,22
529,23
529,24
529,37
530,7
530,8
530,9
530,25
530,26
530,22
530,23
530,24
530,37
531,7
531,8
531,9
531,25
531,26
531,22
531,23
531,24
531,37
532,7
532,8
532,9
532,25
532,26
532,22
532,23
532,24
532,37
533,7
533,8
533,9
533,25
533,26
533,22
533,23
533,24
533,37
534,7
534,8
534,9
534,25
534,26
534,22
534,23
534,24
534,37
535,7
535,8
535,9
535,25
535,26
535,22
535,23
535,24
535,37
536,7
536,8
536,9
536,25
536,26
536,22
536,23
536,24
536,37
537,7
537,8
537,9
537,25
537,26
537,22
537,23
537,24
537,37
538,7
538,8
538,9
538,25
538,26
538,22
538,23
538,24
538,37
539,7
539,8
539,9
539,25
539,26
539,22
539,23
539,24
539,37
540,7
540,8
540,9
540,25
540,26
540,22
540,23
540,24
540,37
541,7
541,8
541,9
541,25
541,26
541,22
541,23
541,24
541,37
542,7
542,8
542,9
542,25
542,26
542,22
542,23
542,24
542,37
543,7
543,8
543,9
543,25
543,26
543,22
543,23
543,24
543,37
544,7
544,8
544,9
544,25
544,26
544,22
544,23
544,24
544,37
545,7
545,8
545,9
545,25
545,26
545,22
545,23
545,24
545,37
546,7
546,8
546,9
546,25
546,26
546,22
546,23
546,24
546,37
547,7
547,8
547,9
547,25
547,26
547,22
547,23
547,24
547,37
548,7
548,8
548,9
548,25
548,26
548,22
548,23
548,24
548,37
549,7
549,8
549,9
549,25
549,26
549,22
549,23
549,24
549,37
550,7
550,8
550,9
550,25
550,26
550,22
550,23
550,24
550,37
551,7
551,8
551,9
551,25
551,26
551,22
551,23
551,24
551,37
552,7
552,8
552,9
552,25
552,26
552,22
552,23
552,24
552,37
553,7
553,8
553,9
553,25
553,26
553,22
553,23
553,24
553,37
554,7
554,8
554,9
554,25
554,26
554,22
554,23
554,24
554,37
555,7
555,8
555,9
555,25
555,26
555,22
555,23
555,24
555,37
556,7
556,8
556,9
556,25
556,26
556,22
556,23
556,24
556,37
557,7
557,8
557,9
557,25
557,26
557,22
557,23
557,24
557,37
558,7
558,8
558,9
558,25
558,26
558,22
558,23
558,24
558,37
559,7
559,8
559,9
559,25
559,26
559,22
559,23
559,24
559,37
560,7
560,8
560,9
560,25
560,26
560,22
560,23
560,24
560,37
561,7
561,8
561,9
561,25
561,26
561,22
561,23
561,24
561,37
562,7
562,8
562,9
562,25
562,26
562,22
562,23
562,24
562,37
563,7
563,8
563,9
563,25
563,26
563,22
563,23
563,24
563,37
564,7
564,8
564,9
564,25
564,26
564,22
564,23
564,24
564,37
565,7
565,8
565,9
565,25
565,26
565,22
565,23
565,24
565,37
566,7
566,8
566,9
566,25
566,26
566,22
566,23
566,24
566,37
567,7
567,8
567,9
567,25
567,26
567,22
567,23
567,24
567,37
568,7
568,8
568,9
568,25
568,26
568,22
568,23
568,24
568,37
569,7
569,8
569,9
569,25
569,26
569,22
569,23
569,24
569,37
570,7
570,8
570,9
570,25
570,26
570,22
570,23
570,24
570,37
571,7
571,8
571,9
571,25
571,26
571,22
571,23
571,24
571,37
572,7
572,8
572,9
572,25
572,26
572,22
572,23
572,24
572,37
573,7
573,8
573,9
573,25
573,26
573,22
573,23
573,24
573,37
574,7
574,8
574,9
574,25
574,26
574,22
574,23
574,24
574,37
575,7
575,8
575,9
575,25
575,26
575,22
575,23
575,24
575,37
576,7
576,8
576,9
576,25
576,26
576,22
576,23
576,24
576,37
577,7
577,8
577,9
577,25
577,26
577,22
577,23
577,24
577,37
578,7
578,8
578,9
578,25
578,26
578,22
578,23
578,24
578,37
579,7
579,8
579,9
579,25
579,26
579,22
579,23
579,24
579,37
580,7
580,8
580,9
580,25
580,26
580,22
580,23
580,24
580,37
581,7
581,8
581,9
581,25
581,26
581,22
581,23
581,24
581,37
582,7
582,8
582,9
582,25
582,26
582,22
582,23
582,24
582,37
583,7
583,8
583,9
583,25
583,26
583,22
583,23
583,24
583,37
584,7
584,8
584,9
584,25
584,26
584,22
584,23
584,24
584,37
585,7
585,8
585,9
585,25
585,26
585,22
585,23
585,24
585,37
586,7
586,8
586,9
586,25
586,26
586,22
586,23
586,24
586,37
587,7
587,8
587,9
587,25
587,26
587,22
587,23
587,24
587,37
588,7
588,8
588,9
588,25
588,26
588,22
588,23
588,24
588,37
589,7
589,8
589,9
589,25
589,26
589,22
589,23
589,24
589,37
590,7
590,8
590,9
590,25
590,26
590,22
590,23
590,24
590,37
591,7
591,8
591,9
591,25
591,26
591,22
591,23
591,24
591,37
592,7
592,8
592,9
592,25
592,26
592,22
592,23
592,24
592,37
593,7
593,8
593,9
593,25
593,26
593,22
593,23
593,24
593,37
594,7
594,8
594,9
594,25
594,26
594,22
594,23
594,24
594,37
595,7
595,8
595,9
595,25
595,26
595,22
595,23
595,24
595,37
596,7
596,8
596,9
596,25
596,26
596,22
596,23
596,24
596,37
597,7
597,8
597,9
597,25
597,26
597,22
597,23
597,24
597,37
598,7
598,8
598,9
598,25
598,26
598,22
598,23
598,24
598,37
599,7
599,8
599,9
599,25
599,26
599,22
599,23
599,24
599,37
600,7
600,8
600,9
600,25
600,26
600,22
600,23
600,24
600,37
601,10
601,11
601,12
601,27
601,35
601,22
601,23
601,24
601,37
602,10
602,11
602,12
602,27
602,35
602,22
602,23
602,24
602,37
603,10
603,11
603,12
603,27
603,35
603,22
603,23
603,24
603,37
604,10
604,11
604,12
604,27
604,35
604,22
604,23
604,24
604,37
605,10
605,11
605,12
605,27
605,35
605,22
605,23
605,24
605,37
606,10
606,11
606,12
606,27
606,35
606,22
606,23
606,24
606,37
607,10
607,11
607,12
607,27
607,35
607,22
607,23
607,24
607,37
608,10
608,11
608,12
608,27
608,35
608,22
608,23
608,24
608,37
609,10
609,11
609,12
609,27
609,35
609,22
609,23
609,24
609,37
610,10
610,11
610,12
610,27
610,35
610,22
610,23
610,24
610,37
611,10
611,11
611,12
611,27
611,35
611,22
611,23
611,24
611,37
612,10
612,11
612,12
612,27
612,35
612,22
612,23
612,24
612,37
613,10
613,11
613,12
613,27
613,35
613,22
613,23
613,24
613,37
614,10
614,11
614,12
614,27
614,35
614,22
614,23
614,24
614,37
615,10
615,11
615,12
615,27
615,35
615,22
615,23
615,24
615,37
616,10
616,11
616,12
616,27
616,35
616,22
616,23
616,24
616,37
617,10
617,11
617,12
617,27
617,35
617,22
617,23
617,24
617,37
618,10
618,11
618,12
618,27
618,35
618,22
618,23
618,24
618,37
619,10
619,11
619,12
619,27
619,35
619,22
619,23
619,24
619,37
620,10
620,11
620,12
620,27
620,35
620,22
620,23
620,24
620,37
621,10
621,11
621,12
621,27
621,35
621,22
621,23
621,24
621,37
622,10
622,11
622,12
622,27
622,35
622,22
622,23
622,24
622,37
623,10
623,11
623,12
623,27
623,35
623,22
623,23
623,24
623,37
624,10
624,11
624,12
624,27
624,35
624,22
624,23
624,24
624,37
625,10
625,11
625,12
625,27
625,35
625,22
625,23
625,24
625,37
626,10
626,11
626,12
626,27
626,35
626,22
626,23
626,24
626,37
627,10
627,11
627,12
627,27
627,35
627,22
627,23
627,24
627,37
628,10
628,11
628,12
628,27
628,35
628,22
628,23
628,24
628,37
629,10
629,11
629,12
629,27
629,35
629,22
629,23
629,24
629,37
630,10
630,11
630,12
630,27
630,35
630,22
630,23
630,24
630,37
631,10
631,11
631,12
631,27
631,35
631,22
631,23
631,24
631,37
632,10
632,11
632,12
632,27
632,35
632,22
632,23
632,24
632,37
633,10
633,11
633,12
633,27
633,35
633,22
633,23
633,24
633,37
634,10
634,11
634,12
634,27
634,35
634,22
634,23
634,24
634,37
635,10
635,11
635,12
635,27
635,35
635,22
635,23
635,24
635,37
636,10
636,11
636,12
636,27
636,35
636,22
636,23
636,24
636,37
637,10
637,11
637,12
637,27
637,35
637,22
637,23
637,24
637,37
638,10
638,11
638,12
638,27
638,35
638,22
638,23
638,24
638,37
639,10
639,11
639,12
639,27
639,35
639,22
639,23
639,24
639,37
640,10
640,11
640,12
640,27
640,35
640,22
640,23
640,24
640,37
641,10
641,11
641,12
641,27
641,35
641,22
641,23
641,24
641,37
642,10
642,11
642,12
642,27
642,35
642,22
642,23
642,24
642,37
643,10
643,11
643,12
643,27
643,35
643,22
643,23
643,24
643,37
644,10
644,11
644,12
644,27
644,35
644,22
644,23
644,24
644,37
645,10
645,11
645,12
645,27
645,35
645,22
645,23
645,24
645,37
646,10
646,11
646,12
646,27
646,35
646,22
646,23
646,24
646,37
647,10
647,11
647,12
647,27
647,35
647,22
647,23
647,24
647,37
648,10
648,11
648,12
648,27
648,35
648,22
648,23
648,24
648,37
649,10
649,11
649,12
649,27
649,35
649,22
649,23
649,24
649,37
650,10
650,11
650,12
650,27
650,35
650,22
650,23
650,24
650,37
651,10
651,11
651,12
651,27
651,35
651,22
651,23
651,24
651,37
652,10
652,11
652,12
652,27
652,35
652,22
652,23
652,24
652,37
653,10
653,11
653,12
653,27
653,35
653,22
653,23
653,24
653,37
654,10
654,11
654,12
654,27
654,35
654,22
654,23
654,24
654,37
655,10
655,11
655,12
655,27
655,35
655,22
655,23
655,24
655,37
656,10
656,11
656,12
656,27
656,35
656,22
656,23
656,24
656,37
657,10
657,11
657,12
657,27
657,35
657,22
657,23
657,24
657,37
658,10
658,11
658,12
658,27
658,35
658,22
658,23
658,24
658,37
659,10
659,11
659,12
659,27
659,35
659,22
659,23
659,24
659,37
660,10
660,11
660,12
660,27
660,35
660,22
660,23
660,24
660,37
661,10
661,11
661,12
661,27
661,35
661,22
661,23
661,24
661,37
662,10
662,11
662,12
662,27
662,35
662,22
662,23
662,24
662,37
663,10
663,11
663,12
663,27
663,35
663,22
663,23
663,24
663,37
664,10
664,11
664,12
664,27
664,35
664,22
664,23
664,24
664,37
665,10
665,11
665,12
665,27
665,35
665,22
665,23
665,24
665,37
666,10
666,11
666,12
666,27
666,35
666,22
666,23
666,24
666,37
667,10
667,11
667,12
667,27
667,35
667,22
667,23
667,24
667,37
668,10
668,11
668,12
668,27
668,35
668,22
668,23
668,24
668,37
669,10
669,11
669,12
669,27
669,35
669,22
669,23
669,24
669,37
670,10
670,11
670,12
670,27
670,35
670,22
670,23
670,24
670,37
671,10
671,11
671,12
671,27
671,35
671,22
671,23
671,24
671,37
672,10
672,11
672,12
672,27
672,35
672,22
672,23
672,24
672,37
673,13
673,14
673,15
673,33
673,34
673,22
673,23
673,24
673,37
674,13
674,14
674,15
674,33
674,34
674,22
674,23
674,24
674,37
675,13
675,14
675,15
675,33
675,34
675,22
675,23
675,24
675,37
676,13
676,14
676,15
676,33
676,34
676,22
676,23
676,24
676,37
677,13
677,14
677,15
677,33
677,34
677,22
677,23
677,24
677,37
678,13
678,14
678,15
678,33
678,34
678,22
678,23
678,24
678,37
679,13
679,14
679,15
679,33
679,34
679,22
679,23
679,24
679,37
680,13
680,14
680,15
680,33
680,34
680,22
680,23
680,24
680,37
681,13
681,14
681,15
681,33
681,34
681,22
681,23
681,24
681,37
682,13
682,14
682,15
682,33
682,34
682,22
682,23
682,24
682,37
683,13
683,14
683,15
683,33
683,34
683,22
683,23
683,24
683,37
684,13
684,14
684,15
684,33
684,34
684,22
684,23
684,24
684,37
685,13
685,14
685,15
685,33
685,34
685,22
685,23
685,24
685,37
686,13
686,14
686,15
686,33
686,34
686,22
686,23
686,24
686,37
687,13
687,14
687,15
687,33
687,34
687,22
687,23
687,24
687,37
688,13
688,14
688,15
688,33
688,34
688,22
688,23
688,24
688,37
689,13
689,14
689,15
689,33
689,34
689,22
689,23
689,24
689,37
690,13
690,14
690,15
690,33
690,34
690,22
690,23
690,24
690,37
691,13
691,14
691,15
691,33
691,34
691,22
691,23
691,24
691,37
692,13
692,14
692,15
692,33
692,34
692,22
692,23
692,24
692,37
693,13
693,14
693,15
693,33
693,34
693,22
693,23
693,24
693,37
694,13
694,14
694,15
694,33
694,34
694,22
694,23
694,24
694,37
695,13
695,14
695,15
695,33
695,34
695,22
695,23
695,24
695,37
696,13
696,14
696,15
696,33
696,34
696,22
696,23
696,24
696,37
697,13
697,14
697,15
697,33
697,34
697,22
697,23
697,24
697,37
698,13
698,14
698,15
698,33
698,34
698,22
698,23
698,24
698,37
699,13
699,14
699,15
699,33
699,34
699,22
699,23
699,24
699,37
700,13
700,14
700,15
700,33
700,34
700,22
700,23
700,24
700,37
701,13
701,14
701,15
701,33
701,34
701,22
701,23
701,24
701,37
702,13
702,14
702,15
702,33
702,34
702,22
702,23
702,24
702,37
703,13
703,14
703,15
703,33
703,34
703,22
703,23
703,24
703,37
704,13
704,14
704,15
704,33
704,34
704,22
704,23
704,24
704,37
705,13
705,14
705,15
705,33
705,34
705,22
705,23
705,24
705,37
706,13
706,14
706,15
706,33
706,34
706,22
706,23
706,24
706,37
707,13
707,14
707,15
707,33
707,34
707,22
707,23
707,24
707,37
708,13
708,14
708,15
708,33
708,34
708,22
708,23
708,24
708,37
709,13
709,14
709,15
709,33
709,34
709,22
709,23
709,24
709,37
710,13
710,14
710,15
710,33
710,34
710,22
710,23
710,24
710,37
711,13
711,14
711,15
711,33
711,34
711,22
711,23
711,24
711,37
712,13
712,14
712,15
712,33
712,34
712,22
712,23
712,24
712,37
713,13
713,14
713,15
713,33
713,34
713,22
713,23
713,24
713,37
714,13
714,14
714,15
714,33
714,34
714,22
714,23
714,24
714,37
715,13
715,14
715,15
715,33
715,34
715,22
715,23
715,24
715,37
716,13
716,14
716,15
716,33
716,34
716,22
716,23
716,24
716,37
717,13
717,14
717,15
717,33
717,34
717,22
717,23
717,24
717,37
718,13
718,14
718,15
718,33
718,34
718,22
718,23
718,24
718,37
719,13
719,14
719,15
719,33
719,34
719,22
719,23
719,24
719,37
720,13
720,14
720,15
720,33
720,34
720,22
720,23
720,24
720,37
721,13
721,14
721,15
721,33
721,34
721,22
721,23
721,24
721,37
722,13
722,14
722,15
722,33
722,34
722,22
722,23
722,24
722,37
723,13
723,14
723,15
723,33
723,34
723,22
723,23
723,24
723,37
724,13
724,14
724,15
724,33
724,34
724,22
724,23
724,24
724,37
725,13
725,14
725,15
725,33
725,34
725,22
725,23
725,24
725,37
726,13
726,14
726,15
726,33
726,34
726,22
726,23
726,24
726,37
727,13
727,14
727,15
727,33
727,34
727,22
727,23
727,24
727,37
728,13
728,14
728,15
728,33
728,34
728,22
728,23
728,24
728,37
729,13
729,14
729,15
729,33
729,34
729,22
729,23
729,24
729,37
730,13
730,14
730,15
730,33
730,34
730,22
730,23
730,24
730,37
731,13
731,14
731,15
731,33
731,34
731,22
731,23
731,24
731,37
732,13
732,14
732,15
732,33
732,34
732,22
732,23
732,24
732,37
733,13
733,14
733,15
733,33
733,34
733,22
733,23
733,24
733,37
734,13
734,14
734,15
734,33
734,34
734,22
734,23
734,24
734,37
735,13
735,14
735,15
735,33
735,34
735,22
735,23
735,24
735,37
736,13
736,14
736,15
736,33
736,34
736,22
736,23
736,24
736,37
737,13
737,14
737,15
737,33
737,34
737,22
737,23
737,24
737,37
738,13
738,14
738,15
738,33
738,34
738,22
738,23
738,24
738,37
739,13
739,14
739,15
739,33
739,34
739,22
739,23
739,24
739,37
740,13
740,14
740,15
740,33
740,34
740,22
740,23
740,24
740,37
741,13
741,14
741,15
741,33
741,34
741,22
741,23
741,24
741,37
742,13
742,14
742,15
742,33
742,34
742,22
742,23
742,24
742,37
743,13
743,14
743,15
743,33
743,34
743,22
743,23
743,24
743,37
744,13
744,14
744,15
744,33
744,34
744,22
744,23
744,24
744,37
745,13
745,14
745,15
745,33
745,34
745,22
745,23
745,24
745,37
746,13
746,14
746,15
746,33
746,34
746,22
746,23
746,24
746,37
747,13
747,14
747,15
747,33
747,34
747,22
747,23
747,24
747,37
748,13
748,14
748,15
748,33
748,34
748,22
748,23
748,24
748,37
749,13
749,14
749,15
749,33
749,34
749,22
749,23
749,24
749,37
750,13
750,14
750,15
750,33
750,34
750,22
750,23
750,24
750,37
751,13
751,14
751,15
751,33
751,34
751,22
751,23
751,24
751,37
752,13
752,14
752,15
752,33
752,34
752,22
752,23
752,24
752,37
753,13
753,14
753,15
753,33
753,34
753,22
753,23
753,24
753,37
754,13
754,14
754,15
754,33
754,34
754,22
754,23
754,24
754,37
755,13
755,14
755,15
755,33
755,34
755,22
755,23
755,24
755,37
756,13
756,14
756,15
756,33
756,34
756,22
756,23
756,24
756,37
757,13
757,14
757,15
757,33
757,34
757,22
757,23
757,24
757,37
758,13
758,14
758,15
758,33
758,34
758,22
758,23
758,24
758,37
759,13
759,14
759,15
759,33
759,34
759,22
759,23
759,24
759,37
760,13
760,14
760,15
760,33
760,34
760,22
760,23
760,24
760,37
761,13
761,14
761,15
761,33
761,34
761,22
761,23
761,24
761,37
762,13
762,14
762,15
762,33
762,34
762,22
762,23
762,24
762,37
763,13
763,14
763,15
763,33
763,34
763,22
763,23
763,24
763,37
764,13
764,14
764,15
764,33
764,34
764,22
764,23
764,24
764,37
765,13
765,14
765,15
765,33
765,34
765,22
765,23
765,24
765,37
766,13
766,14
766,15
766,33
766,34
766,22
766,23
766,24
766,37
767,13
767,14
767,15
767,33
767,34
767,22
767,23
767,24
767,37
768,13
768,14
768,15
768,33
768,34
768,22
768,23
768,24
768,37
769,13
769,14
769,15
769,33
769,34
769,22
769,23
769,24
769,37
770,13
770,14
770,15
770,33
770,34
770,22
770,23
770,24
770,37
771,13
771,14
771,15
771,33
771,34
771,22
771,23
771,24
771,37
772,13
772,14
772,15
772,33
772,34
772,22
772,23
772,24
772,37
773,13
773,14
773,15
773,33
773,34
773,22
773,23
773,24
773,37
774,13
774,14
774,15
774,33
774,34
774,22
774,23
774,24
774,37
775,13
775,14
775,15
775,33
775,34
775,22
775,23
775,24
775,37
776,13
776,14
776,15
776,33
776,34
776,22
776,23
776,24
776,37
777,13
777,14
777,15
777,33
777,34
777,22
777,23
777,24
777,37
778,13
778,14
778,15
778,33
778,34
778,22
778,23
778,24
778,37
779,13
779,14
779,15
779,33
779,34
779,22
779,23
779,24
779,37
780,13
780,14
780,15
780,33
780,34
780,22
780,23
780,24
780,37
781,13
781,14
781,15
781,33
781,34
781,22
781,23
781,24
781,37
782,13
782,14
782,15
782,33
782,34
782,22
782,23
782,24
782,37
783,13
783,14
783,15
783,33
783,34
783,22
783,23
783,24
783,37
784,13
784,14
784,15
784,33
784,34
784,22
784,23
784,24
784,37
785,13
785,14
785,15
785,33
785,34
785,22
785,23
785,24
785,37
786,13
786,14
786,15
786,33
786,34
786,22
786,23
786,24
786,37
787,13
787,14
787,15
787,33
787,34
787,22
787,23
787,24
787,37
788,13
788,14
788,15
788,33
788,34
788,22
788,23
788,24
788,37
789,13
789,14
789,15
789,33
789,34
789,22
789,23
789,24
789,37
790,13
790,14
790,15
790,33
790,34
790,22
790,23
790,24
790,37
791,13
791,14
791,15
791,33
791,34
791,22
791,23
791,24
791,37
792,13
792,14
792,15
792,33
792,34
792,22
792,23
792,24
792,37
793,13
793,14
793,15
793,33
793,34
793,22
793,23
793,24
793,37
794,13
794,14
794,15
794,33
794,34
794,22
794,23
794,24
794,37
795,13
795,14
795,15
795,33
795,34
795,22
795,23
795,24
795,37
796,13
796,14
796,15
796,33
796,34
796,22
796,23
796,24
796,37
797,13
797,14
797,15
797,33
797,34
797,22
797,23
797,24
797,37
798,13
798,14
798,15
798,33
798,34
798,22
798,23
798,24
798,37
799,13
799,14
799,15
799,33
799,34
799,22
799,23
799,24
799,37
800,13
800,14
800,15
800,33
800,34
800,22
800,23
800,24
800,37
801,1
801,2
801,3
801,25
801,36
801,22
801,23
801,24
801,37
802,1
802,2
802,3
802,25
802,36
802,22
802,23
802,24
802,37
803,1
803,2
803,3
803,25
803,36
803,22
803,23
803,24
803,37
804,1
804,2
804,3
804,25
804,36
804,22
804,23
804,24
804,37
805,1
805,2
805,3
805,25
805,36
805,22
805,23
805,24
805,37
806,1
806,2
806,3
806,25
806,36
806,22
806,23
806,24
806,37
807,1
807,2
807,3
807,25
807,36
807,22
807,23
807,24
807,37
808,1
808,2
808,3
808,25
808,36
808,22
808,23
808,24
808,37
809,1
809,2
809,3
809,25
809,36
809,22
809,23
809,24
809,37
810,1
810,2
810,3
810,25
810,36
810,22
810,23
810,24
810,37
811,1
811,2
811,3
811,25
811,36
811,22
811,23
811,24
811,37
812,1
812,2
812,3
812,25
812,36
812,22
812,23
812,24
812,37
813,1
813,2
813,3
813,25
813,36
813,22
813,23
813,24
813,37
814,1
814,2
814,3
814,25
814,36
814,22
814,23
814,24
814,37
815,1
815,2
815,3
815,25
815,36
815,22
815,23
815,24
815,37
816,1
816,2
816,3
816,25
816,36
816,22
816,23
816,24
816,37
817,1
817,2
817,3
817,25
817,36
817,22
817,23
817,24
817,37
818,1
818,2
818,3
818,25
818,36
818,22
818,23
818,24
818,37
819,1
819,2
819,3
819,25
819,36
819,22
819,23
819,24
819,37
820,1
820,2
820,3
820,25
820,36
820,22
820,23
820,24
820,37
821,1
821,2
821,3
821,25
821,36
821,22
821,23
821,24
821,37
822,1
822,2
822,3
822,25
822,36
822,22
822,23
822,24
822,37
823,1
823,2
823,3
823,25
823,36
823,22
823,23
823,24
823,37
824,1
824,2
824,3
824,25
824,36
824,22
824,23
824,24
824,37
825,1
825,2
825,3
825,25
825,36
825,22
825,23
825,24
825,37
826,1
826,2
826,3
826,25
826,36
826,22
826,23
826,24
826,37
827,1
827,2
827,3
827,25
827,36
827,22
827,23
827,24
827,37
828,1
828,2
828,3
828,25
828,36
828,22
828,23
828,24
828,37
829,1
829,2
829,3
829,25
829,36
829,22
829,23
829,24
829,37
830,1
830,2
830,3
830,25
830,36
830,22
830,23
830,24
830,37
831,1
831,2
831,3
831,25
831,36
831,22
831,23
831,24
831,37
832,1
832,2
832,3
832,25
832,36
832,22
832,23
832,24
832,37
833,1
833,2
833,3
833,25
833,36
833,22
833,23
833,24
833,37
834,1
834,2
834,3
834,25
834,36
834,22
834,23
834,24
834,37
835,1
835,2
835,3
835,25
835,36
835,22
835,23
835,24
835,37
836,1
836,2
836,3
836,25
836,36
836,22
836,23
836,24
836,37
837,1
837,2
837,3
837,25
837,36
837,22
837,23
837,24
837,37
838,1
838,2
838,3
838,25
838,36
838,22
838,23
838,24
838,37
839,1
839,2
839,3
839,25
839,36
839,22
839,23
839,24
839,37
840,1
840,2
840,3
840,25
840,36
840,22
840,23
840,24
840,37
841,1
841,2
841,3
841,25
841,36
841,22
841,23
841,24
841,37
842,1
842,2
842,3
842,25
842,36
842,22
842,23
842,24
842,37
843,1
843,2
843,3
843,25
843,36
843,22
843,23
843,24
843,37
844,1
844,2
844,3
844,25
844,36
844,22
844,23
844,24
844,37
845,1
845,2
845,3
845,25
845,36
845,22
845,23
845,24
845,37
846,1
846,2
846,3
846,25
846,36
846,22
846,23
846,24
846,37
847,1
847,2
847,3
847,25
847,36
847,22
847,23
847,24
847,37
848,1
848,2
848,3
848,25
848,36
848,22
848,23
848,24
848,37
849,1
849,2
849,3
849,25
849,36
849,22
849,23
849,24
849,37
850,1
850,2
850,3
850,25
850,36
850,22
850,23
850,24
850,37
851,1
851,2
851,3
851,25
851,36
851,22
851,23
851,24
851,37
852,1
852,2
852,3
852,25
852,36
852,22
852,23
852,24
852,37
853,1
853,2
853,3
853,25
853,36
853,22
853,23
853,24
853,37
854,1
854,2
854,3
854,25
854,36
854,22
854,23
854,24
854,37
855,1
855,2
855,3
855,25
855,36
855,22
855,23
855,24
855,37
856,1
856,2
856,3
856,25
856,36
856,22
856,23
856,24
856,37
857,1
857,2
857,3
857,25
857,36
857,22
857,23
857,24
857,37
858,1
858,2
858,3
858,25
858,36
858,22
858,23
858,24
858,37
859,1
859,2
859,3
859,25
859,36
859,22
859,23
859,24
859,37
860,1
860,2
860,3
860,25
860,36
860,22
860,23
860,24
860,37
861,1
861,2
861,3
861,25
861,36
861,22
861,23
861,24
861,37
862,1
862,2
862,3
862,25
862,36
862,22
862,23
862,24
862,37
863,1
863,2
863,3
863,25
863,36
863,22
863,23
863,24
863,37
864,1
864,2
864,3
864,25
864,36
864,22
864,23
864,24
864,37
865,1
865,2
865,3
865,25
865,36
865,22
865,23
865,24
865,37
866,1
866,2
866,3
866,25
866,36
866,22
866,23
866,24
866,37
867,1
867,2
867,3
867,25
867,36
867,22
867,23
867,24
867,37
868,1
868,2
868,3
868,25
868,36
868,22
868,23
868,24
868,37
869,1
869,2
869,3
869,25
869,36
869,22
869,23
869,24
869,37
870,1
870,2
870,3
870,25
870,36
870,22
870,23
870,24
870,37
871,1
871,2
871,3
871,25
871,36
871,22
871,23
871,24
871,37
872,1
872,2
872,3
872,25
872,36
872,22
872,23
872,24
872,37
873,1
873,2
873,3
873,25
873,36
873,22
873,23
873,24
873,37
874,1
874,2
874,3
874,25
874,36
874,22
874,23
874,24
874,37
875,1
875,2
875,3
875,25
875,36
875,22
875,23
875,24
875,37
876,1
876,2
876,3
876,25
876,36
876,22
876,23
876,24
876,37
877,1
877,2
877,3
877,25
877,36
877,22
877,23
877,24
877,37
878,1
878,2
878,3
878,25
878,36
878,22
878,23
878,24
878,37
879,1
879,2
879,3
879,25
879,36
879,22
879,23
879,24
879,37
880,1
880,2
880,3
880,25
880,36
880,22
880,23
880,24
880,37
881,1
881,2
881,3
881,25
881,36
881,22
881,23
881,24
881,37
882,1
882,2
882,3
882,25
882,36
882,22
882,23
882,24
882,37
883,1
883,2
883,3
883,25
883,36
883,22
883,23
883,24
883,37
884,1
884,2
884,3
884,25
884,36
884,22
884,23
884,24
884,37
885,1
885,2
885,3
885,25
885,36
885,22
885,23
885,24
885,37
886,1
886,2
886,3
886,25
886,36
886,22
886,23
886,24
886,37
887,1
887,2
887,3
887,25
887,36
887,22
887,23
887,24
887,37
888,1
888,2
888,3
888,25
888,36
888,22
888,23
888,24
888,37
889,1
889,2
889,3
889,25
889,36
889,22
889,23
889,24
889,37
890,1
890,2
890,3
890,25
890,36
890,22
890,23
890,24
890,37
891,1
891,2
891,3
891,25
891,36
891,22
891,23
891,24
891,37
892,1
892,2
892,3
892,25
892,36
892,22
892,23
892,24
892,37
893,1
893,2
893,3
893,25
893,36
893,22
893,23
893,24
893,37
894,1
894,2
894,3
894,25
894,36
894,22
894,23
894,24
894,37
895,1
895,2
895,3
895,25
895,36
895,22
895,23
895,24
895,37
896,1
896,2
896,3
896,25
896,36
896,22
896,23
896,24
896,37
897,1
897,2
897,3
897,25
897,36
897,22
897,23
897,24
897,37
898,1
898,2
898,3
898,25
898,36
898,22
898,23
898,24
898,37
899,1
899,2
899,3
899,25
899,36
899,22
899,23
899,24
899,37
900,1
900,2
900,3
900,25
900,36
900,22
900,23
900,24
900,37
901,1
901,2
901,3
901,25
901,36
901,22
901,23
901,24
901,37
902,1
902,2
902,3
902,25
902,36
902,22
902,23
902,24
902,37
903,1
903,2
903,3
903,25
903,36
903,22
903,23
903,24
903,37
904,1
904,2
904,3
904,25
904,36
904,22
904,23
904,24
904,37
905,1
905,2
905,3
905,25
905,36
905,22
905,23
905,24
905,37
906,1
906,2
906,3
906,25
906,36
906,22
906,23
906,24
906,37
907,1
907,2
907,3
907,25
907,36
907,22
907,23
907,24
907,37
908,1
908,2
908,3
908,25
908,36
908,22
908,23
908,24
908,37
909,1
909,2
909,3
909,25
909,36
909,22
909,23
909,24
909,37
910,1
910,2
910,3
910,25
910,36
910,22
910,23
910,24
910,37
911,1
911,2
911,3
911,25
911,36
911,22
911,23
911,24
911,37
912,1
912,2
912,3
912,25
912,36
912,22
912,23
912,24
912,37
913,1
913,2
913,3
913,25
913,36
913,22
913,23
913,24
913,37
914,1
914,2
914,3
914,25
914,36
914,22
914,23
914,24
914,37
915,1
915,2
915,3
915,25
915,36
915,22
915,23
915,24
915,37
916,1
916,2
916,3
916,25
916,36
916,22
916,23
916,24
916,37
917,1
917,2
917,3
917,25
917,36
917,22
917,23
917,24
917,37
918,1
918,2
918,3
918,25
918,36
918,22
918,23
918,24
918,37
919,1
919,2
919,3
919,25
919,36
919,22
919,23
919,24
919,37
920,1
920,2
920,3
920,25
920,36
920,22
920,23
920,24
920,37
921,1
921,2
921,3
921,25
921,36
921,22
921,23
921,24
921,37
922,1
922,2
922,3
922,25
922,36
922,22
922,23
922,24
922,37
923,1
923,2
923,3
923,25
923,36
923,22
923,23
923,24
923,37
924,1
924,2
924,3
924,25
924,36
924,22
924,23
924,24
924,37
925,1
925,2
925,3
925,25
925,36
925,22
925,23
925,24
925,37
926,1
926,2
926,3
926,25
926,36
926,22
926,23
926,24
926,37
927,1
927,2
927,3
927,25
927,36
927,22
927,23
927,24
927,37
928,1
928,2
928,3
928,25
928,36
928,22
928,23
928,24
928,37
929,1
929,2
929,3
929,25
929,36
929,22
929,23
929,24
929,37
930,1
930,2
930,3
930,25
930,36
930,22
930,23
930,24
930,37
931,1
931,2
931,3
931,25
931,36
931,22
931,23
931,24
931,37
932,1
932,2
932,3
932,25
932,36
932,22
932,23
932,24
932,37
933,1
933,2
933,3
933,25
933,36
933,22
933,23
933,24
933,37
934,1
934,2
934,3
934,25
934,36
934,22
934,23
934,24
934,37
935,1
935,2
935,3
935,25
935,36
935,22
935,23
935,24
935,37
936,1
936,2
936,3
936,25
936,36
936,22
936,23
936,24
936,37
937,1
937,2
937,3
937,25
937,36
937,22
937,23
937,24
937,37
938,1
938,2
938,3
938,25
938,36
938,22
938,23
938,24
938,37
939,1
939,2
939,3
939,25
939,36
939,22
939,23
939,24
939,37
940,1
940,2
940,3
940,25
940,36
940,22
940,23
940,24
940,37
941,1
941,2
941,3
941,25
941,36
941,22
941,23
941,24
941,37
942,1
942,2
942,3
942,25
942,36
942,22
942,23
942,24
942,37
943,1
943,2
943,3
943,25
943,36
943,22
943,23
943,24
943,37
944,1
944,2
944,3
944,25
944,36
944,22
944,23
944,24
944,37
945,1
945,2
945,3
945,25
945,36
945,22
945,23
945,24
945,37
946,1
946,2
946,3
946,25
946,36
946,22
946,23
946,24
946,37
947,1
947,2
947,3
947,25
947,36
947,22
947,23
947,24
947,37
948,1
948,2
948,3
948,25
948,36
948,22
948,23
948,24
948,37
949,1
949,2
949,3
949,25
949,36
949,22
949,23
949,24
949,37
950,1
950,2
950,3
950,25
950,36
950,22
950,23
950,24
950,37
951,1
951,2
951,3
951,25
951,36
951,22
951,23
951,24
951,37
952,1
952,2
952,3
952,25
952,36
952,22
952,23
952,24
952,37
953,1
953,2
953,3
953,25
953,36
953,22
953,23
953,24
953,37
954,1
954,2
954,3
954,25
954,36
954,22
954,23
954,24
954,37
955,1
955,2
955,3
955,25
955,36
955,22
955,23
955,24
955,37
956,1
956,2
956,3
956,25
956,36
956,22
956,23
956,24
956,37
957,1
957,2
957,3
957,25
957,36
957,22
957,23
957,24
957,37
958,1
958,2
958,3
958,25
958,36
958,22
958,23
958,24
958,37
959,1
959,2
959,3
959,25
959,36
959,22
959,23
959,24
959,37
960,1
960,2
960,3
960,25
960,36
960,22
960,23
960,24
960,37
961,1
961,2
961,3
961,25
961,36
961,22
961,23
961,24
961,37
962,1
962,2
962,3
962,25
962,36
962,22
962,23
962,24
962,37
963,1
963,2
963,3
963,25
963,36
963,22
963,23
963,24
963,37
964,1
964,2
964,3
964,25
964,36
964,22
964,23
964,24
964,37
965,1
965,2
965,3
965,25
965,36
965,22
965,23
965,24
965,37
966,1
966,2
966,3
966,25
966,36
966,22
966,23
966,24
966,37
967,1
967,2
967,3
967,25
967,36
967,22
967,23
967,24
967,37
968,1
968,2
968,3
968,25
968,36
968,22
968,23
968,24
968,37
969,1
969,2
969,3
969,25
969,36
969,22
969,23
969,24
969,37
970,1
970,2
970,3
970,25
970,36
970,22
970,23
970,24
970,37
971,1
971,2
971,3
971,25
971,36
971,22
971,23
971,24
971,37
972,1
972,2
972,3
972,25
972,36
972,22
972,23
972,24
972,37
973,1
973,2
973,3
973,25
973,36
973,22
973,23
973,24
973,37
974,1
974,2
974,3
974,25
974,36
974,22
974,23
974,24
974,37
975,1
975,2
975,3
975,25
975,36
975,22
975,23
975,24
975,37
976,1
976,2
976,3
976,25
976,36
976,22
976,23
976,24
976,37
977,1
977,2
977,3
977,25
977,36
977,22
977,23
977,24
977,37
978,1
978,2
978,3
978,25
978,36
978,22
978,23
978,24
978,37
979,1
979,2
979,3
979,25
979,36
979,22
979,23
979,24
979,37
980,1
980,2
980,3
980,25
980,36
980,22
980,23
980,24
980,37
981,1
981,2
981,3
981,25
981,36
981,22
981,23
981,24
981,37
982,1
982,2
982,3
982,25
982,36
982,22
982,23
982,24
982,37
983,1
983,2
983,3
983,25
983,36
983,22
983,23
983,24
983,37
